{"id":1,"RevenueSUM":2.2296250479964774E7,"RevenueAVG":14.780401524403878,"TripNumber":1508501,"StreetHailNum":1474497,"DispatchNum":33999}
{"id":1,"RevenueSUM":2.281933044996878E7,"RevenueAVG":14.490027780756515,"TripNumber":1574830,"StreetHailNum":1538721,"DispatchNum":36107}
{"id":1,"RevenueSUM":2.5109620849960223E7,"RevenueAVG":14.57680241891508,"TripNumber":1722574,"StreetHailNum":1680778,"DispatchNum":41794}
{"id":1,"RevenueSUM":2.465736016995767E7,"RevenueAVG":14.81461731414417,"TripNumber":1664394,"StreetHailNum":1623759,"DispatchNum":40634}
{"id":1,"RevenueSUM":2.724962204995635E7,"RevenueAVG":15.250106360449434,"TripNumber":1786848,"StreetHailNum":1745260,"DispatchNum":41586}
{"id":1,"RevenueSUM":2.4515124369958527E7,"RevenueAVG":14.958571629904622,"TripNumber":1638868,"StreetHailNum":1599931,"DispatchNum":38932}
{"id":1,"RevenueSUM":2.2983460029961012E7,"RevenueAVG":14.90814838571979,"TripNumber":1541671,"StreetHailNum":1504869,"DispatchNum":36760}
{"id":1,"RevenueSUM":2.2879747329959456E7,"RevenueAVG":14.931217964880876,"TripNumber":1532343,"StreetHailNum":1496547,"DispatchNum":35794}
{"id":1,"RevenueSUM":2.247194551995878E7,"RevenueAVG":15.032145751668496,"TripNumber":1494926,"StreetHailNum":1461506,"DispatchNum":33416}
{"id":1,"RevenueSUM":2.42623068299624E7,"RevenueAVG":14.87995777459829,"TripNumber":1630536,"StreetHailNum":1596009,"DispatchNum":34522}
{"id":1,"RevenueSUM":2.248376662996334E7,"RevenueAVG":14.695425984822938,"TripNumber":1529984,"StreetHailNum":1496509,"DispatchNum":33475}
{"id":1,"RevenueSUM":2.371297587996544E7,"RevenueAVG":14.744216453478813,"TripNumber":1608290,"StreetHailNum":1572856,"DispatchNum":35432}
